Pronoun,Auxiliary,Verb,Participle,Adposition,Determiner,Noun,Adverb,Numeral,Punctuation,Adjective,Coordinating Conjunction,Proper Noun,Space,Subordinating Conjunction,Interjection,Symbol,X,sex
106,74,108,14,85,118,172,54,7,142,40,36,15,8,14,7,0,0,male
479,228,383,71,299,260,488,190,23,609,181,98,93,8,37,41,1,2,male
490,293,434,107,385,350,724,188,55,578,223,135,147,5,100,6,1,3,male
482,204,338,61,300,239,470,180,28,433,172,160,46,8,63,23,0,4,female
536,327,520,122,390,320,601,303,97,586,194,184,137,1,91,17,1,0,male
94,86,92,21,86,74,198,78,17,138,85,43,20,2,25,3,0,0,male
43,30,52,11,43,49,98,29,11,76,42,20,9,0,12,0,0,0,male
314,195,257,47,252,195,514,152,16,354,169,102,53,2,49,9,0,2,male
322,208,312,95,318,268,491,132,45,342,216,99,135,0,75,2,0,0,male
467,277,465,113,542,541,807,196,62,504,287,147,148,8,108,9,1,1,male
636,295,564,177,355,291,575,280,36,494,256,186,55,3,111,3,2,0,female
245,130,220,52,192,182,356,86,29,264,105,78,29,2,34,2,0,0,female
141,75,153,33,104,93,202,38,19,146,40,26,54,1,30,2,0,0,female
422,199,375,103,310,232,509,140,15,390,226,108,126,10,114,0,0,0,female
103,33,101,24,59,49,101,32,26,107,31,28,37,5,12,4,1,3,male
391,245,309,84,259,261,504,131,20,398,221,123,8,1,88,31,0,0,male
352,198,352,93,288,245,548,160,23,448,193,123,60,2,91,13,0,2,male
387,247,399,98,341,341,589,171,55,517,238,111,148,2,75,4,0,5,male
288,181,333,115,221,219,405,92,21,274,129,96,117,0,64,1,0,0,male
116,67,129,41,97,85,175,72,8,131,76,40,20,1,32,2,0,0,male
351,251,388,113,314,283,499,155,25,373,197,122,122,7,118,6,0,0,male
105,65,131,30,111,137,219,58,4,139,76,46,13,2,29,1,0,0,male
459,268,405,80,339,335,541,309,44,488,190,141,116,9,88,10,0,0,male
381,234,348,94,296,260,518,110,29,356,173,97,85,5,96,5,0,0,male
314,158,326,66,315,320,486,127,41,375,112,146,90,8,56,3,0,0,male
568,221,429,82,224,196,367,237,14,594,153,126,85,9,82,53,0,0,male
333,176,349,70,315,246,500,134,38,339,175,99,41,0,76,0,3,1,female
604,230,475,102,288,210,445,185,28,562,149,150,43,17,103,17,0,0,female
262,144,280,52,339,309,541,123,22,326,185,127,62,1,57,0,0,1,male
173,106,181,36,125,133,271,79,18,241,101,54,52,16,38,5,3,1,female
432,205,332,56,282,227,390,166,19,379,190,130,49,15,92,12,0,0,female
280,200,251,72,219,205,435,168,26,324,173,117,32,2,59,1,0,0,male
339,185,362,60,238,241,478,131,21,317,159,105,39,2,82,10,0,0,female
211,106,188,29,142,151,233,113,16,172,92,55,12,6,36,1,0,0,male
499,213,396,97,179,200,382,98,35,436,83,90,27,3,91,14,0,0,female
224,152,222,61,150,157,266,66,10,264,88,47,38,0,43,4,0,1,male
302,161,264,60,219,135,370,147,18,244,116,79,13,1,78,3,0,2,male
183,116,123,49,89,62,151,62,5,145,83,53,6,42,31,3,0,0,female
242,122,234,66,146,135,279,120,15,241,138,83,32,16,41,8,0,0,female
579,244,485,120,325,277,554,168,57,443,190,183,58,4,97,10,0,0,male
340,210,334,87,281,309,627,170,51,569,202,117,201,33,69,17,0,2,male
298,163,223,55,166,151,292,60,40,307,74,68,26,2,39,6,0,3,female
184,66,162,25,94,85,215,86,36,173,73,46,5,0,26,0,0,6,male
214,177,234,61,214,195,428,136,69,324,171,60,74,3,66,8,4,0,male
424,217,286,78,168,178,330,125,24,541,133,65,35,5,77,22,0,4,male
158,98,182,63,125,80,252,74,8,229,101,63,44,11,44,4,0,0,female
487,250,386,86,424,292,596,252,32,463,286,168,109,0,93,6,0,0,female
73,45,55,8,44,38,97,26,10,72,30,24,15,1,13,1,0,3,male
321,175,273,71,216,233,334,148,22,375,146,100,51,13,62,5,0,0,male
352,169,336,112,190,140,296,125,27,337,124,95,36,12,64,5,0,1,female
398,195,312,67,289,297,460,241,20,366,179,141,79,2,95,4,0,0,male
446,297,363,101,255,248,440,252,77,484,151,146,71,8,97,19,3,2,male
118,88,113,27,125,116,206,60,24,121,94,34,27,1,30,0,0,0,male
381,211,370,81,303,268,569,243,52,523,279,93,142,28,80,3,4,2,male
271,139,195,47,226,169,350,97,53,235,83,75,41,3,50,1,0,0,male
349,163,260,57,197,201,331,175,53,285,110,123,50,12,38,3,0,0,male
50,28,63,13,60,44,99,24,17,79,28,22,45,0,12,0,0,0,male
79,64,120,31,147,175,303,39,13,159,129,34,23,7,20,0,0,0,male
381,171,337,86,233,216,392,166,17,416,134,89,86,7,61,7,0,1,male
304,145,224,57,231,191,401,132,11,241,113,135,28,0,49,1,0,0,female
490,286,407,107,341,265,635,172,58,591,291,149,64,6,85,8,1,3,male
320,196,322,80,313,331,490,166,9,465,303,148,166,1,66,5,0,1,male
267,149,241,73,174,142,324,123,20,258,144,85,22,3,60,15,0,0,female
237,191,345,92,266,227,543,141,19,317,196,92,53,2,76,1,0,0,male
470,265,408,93,345,279,592,217,22,424,224,140,58,13,93,6,0,0,male
247,169,234,67,183,245,383,164,9,250,143,88,1,0,50,4,0,0,female
560,400,425,126,353,397,607,253,79,566,188,153,42,1,111,8,0,0,male
327,204,344,74,284,221,541,159,48,417,185,106,64,2,83,2,0,2,female
305,224,290,104,294,273,500,246,37,425,249,142,29,10,79,13,0,0,male
469,277,429,97,348,321,640,206,61,549,243,146,69,17,71,9,0,7,male
331,221,307,101,360,299,488,167,12,396,224,122,108,0,91,11,0,0,male
305,201,313,67,368,299,566,129,61,498,199,103,214,2,59,4,0,6,male
254,173,221,37,180,210,452,125,60,372,138,85,48,15,47,4,0,6,male
176,122,197,48,254,194,438,112,87,247,133,61,41,1,38,3,0,1,male
415,300,463,127,369,369,704,297,86,524,291,149,87,3,95,3,1,0,male
486,306,465,116,300,321,534,273,82,447,190,86,93,25,93,7,1,10,male
192,97,159,34,125,90,235,58,2,176,79,38,15,4,59,5,0,0,male
492,254,368,60,199,218,363,147,32,443,147,92,27,13,88,18,0,1,male
280,144,337,76,230,253,473,202,46,332,125,93,43,6,61,1,0,0,male
198,107,204,40,191,163,367,73,7,192,108,49,17,7,41,0,0,0,female
620,293,531,142,268,250,436,195,33,523,197,186,52,8,96,8,0,3,male
98,39,103,22,69,60,134,26,15,100,35,22,16,1,17,0,0,0,male
339,175,295,72,207,175,359,115,20,363,126,96,88,10,53,6,0,0,female
242,135,226,53,241,192,474,122,59,366,151,102,80,5,49,3,0,0,male
253,119,195,52,132,138,240,102,15,238,70,78,51,6,33,9,0,0,male
502,233,398,103,373,248,575,283,24,396,221,172,77,11,111,4,2,0,female
223,153,226,61,238,206,389,140,43,263,237,77,88,0,49,3,0,0,female
487,246,434,82,230,281,422,210,26,557,125,111,48,5,88,18,0,15,male
152,75,142,19,139,114,209,81,7,133,59,64,22,2,28,1,0,0,female
436,214,326,70,194,163,336,146,28,431,122,91,62,3,66,21,0,0,male
391,289,440,93,289,316,567,224,63,433,226,133,37,4,95,10,0,0,male
83,46,71,13,61,69,133,26,7,123,41,18,46,1,8,2,0,0,male
295,176,199,55,132,147,246,125,31,295,138,111,38,9,61,9,0,0,female
577,219,527,123,236,179,296,171,38,528,86,153,87,8,96,22,0,0,male
394,218,314,75,309,300,474,214,35,422,213,119,87,0,72,8,0,1,male
354,153,292,39,274,245,409,105,59,353,110,123,142,1,44,1,0,0,male
133,81,152,23,152,129,284,75,24,219,106,67,26,1,18,0,0,0,female
115,43,98,21,73,66,147,39,4,101,44,21,1,0,13,3,0,0,female
396,243,344,97,305,261,550,192,43,453,295,106,30,0,104,14,2,0,male
292,193,251,46,247,227,484,123,66,379,134,120,101,0,46,1,0,0,male
319,243,358,68,401,294,598,151,25,390,214,121,88,0,89,6,0,1,male
365,218,318,104,280,279,492,159,48,382,175,129,61,5,71,0,0,0,male
79,61,73,36,68,57,114,35,11,113,64,28,54,3,8,3,0,0,female
381,141,265,54,164,118,265,121,3,359,96,25,28,12,42,17,0,0,male
253,156,282,64,306,216,528,118,30,294,147,86,28,1,52,5,0,0,female
513,237,388,80,285,242,559,269,46,691,216,140,136,18,86,17,0,4,male
413,205,344,76,219,192,387,143,27,464,115,112,72,16,75,11,0,0,male
525,228,412,99,231,169,341,217,15,546,152,91,44,29,71,72,0,0,male
611,302,491,129,255,260,434,219,16,703,194,218,139,12,72,19,0,0,female
509,278,422,130,346,280,528,199,19,448,176,131,103,7,91,15,0,1,female
52,24,67,22,58,59,121,13,6,64,42,23,17,1,8,0,0,0,female
121,65,125,28,78,95,156,65,11,110,64,37,0,1,35,1,0,0,male
220,166,231,47,233,230,412,133,29,290,158,74,57,40,52,2,0,2,female
422,204,374,94,293,236,482,175,28,366,174,97,121,15,59,1,0,0,male
368,195,427,112,341,299,598,175,49,425,207,163,85,0,58,7,0,0,female
287,162,307,63,177,177,359,150,20,284,164,96,43,7,78,7,0,0,female
311,176,352,81,364,390,554,252,31,400,209,102,164,15,81,7,0,1,male
367,217,370,58,319,285,609,168,47,393,165,96,63,9,59,5,0,2,male
361,173,348,75,325,223,564,118,44,353,153,88,29,8,77,2,0,0,male
245,200,273,64,267,218,356,181,34,374,185,140,193,12,63,3,0,0,male
485,210,418,104,219,192,393,118,40,482,87,124,118,4,80,5,0,4,male
173,87,133,45,77,86,115,70,14,132,46,27,17,12,36,3,0,0,male
153,96,180,26,179,175,307,88,19,216,77,78,21,13,38,0,0,2,male
501,258,471,144,276,290,549,129,52,476,185,129,88,16,94,5,0,1,male
402,281,344,105,258,304,534,176,31,515,200,94,65,5,96,13,0,1,female
517,243,397,106,265,185,412,153,34,491,151,109,37,37,74,6,0,0,male
223,153,176,21,212,210,319,121,19,234,92,70,39,2,31,4,0,0,male
408,242,390,72,297,321,505,195,39,371,149,118,46,3,89,6,0,0,male
330,173,278,51,203,193,342,210,13,315,118,108,15,22,58,4,0,0,male
675,314,531,102,337,276,524,230,65,770,164,174,96,11,87,63,0,2,female
383,225,416,98,305,218,551,190,72,411,207,127,23,0,64,10,0,0,male
352,267,348,103,436,297,783,271,82,415,334,136,87,9,107,6,1,4,male
454,202,408,62,188,266,526,281,159,1197,226,107,79,48,61,151,0,1,male
302,131,244,66,161,156,268,85,30,259,111,81,564,23,43,10,0,25,female
236,143,237,42,253,265,437,131,28,326,129,76,121,4,56,0,3,0,female
289,165,258,69,225,210,449,178,54,450,179,67,58,33,43,13,0,2,male
86,55,117,18,91,61,209,40,3,131,86,38,30,3,18,1,0,0,male
212,101,197,60,212,160,310,114,27,203,102,77,34,10,42,3,0,2,male
577,336,483,138,348,298,513,234,38,520,154,141,97,4,95,20,4,2,male
565,344,523,123,400,430,767,233,72,654,238,172,91,1,117,4,0,7,male
380,223,336,82,288,257,559,159,31,397,193,110,23,10,77,9,0,0,male
176,89,169,46,119,109,231,84,18,212,99,44,41,6,46,3,0,0,male
266,213,252,69,273,300,476,182,53,320,224,75,77,3,84,3,0,0,male
247,136,180,38,118,137,248,94,13,278,96,50,29,7,42,10,0,0,male
320,173,270,60,168,143,299,88,9,308,114,63,89,3,75,8,0,7,male
136,62,134,27,104,104,182,47,19,146,51,61,101,1,14,5,0,0,male
412,218,390,94,248,275,489,165,37,406,168,126,124,3,71,9,0,0,male
457,220,408,89,285,256,489,136,51,461,184,147,79,3,96,12,0,0,male
812,408,743,156,452,417,715,371,60,946,253,252,251,24,112,60,0,0,male
553,303,419,142,320,260,575,184,41,427,217,170,56,4,102,10,0,2,male
116,69,124,26,108,99,218,52,13,121,49,43,31,1,30,3,0,2,female
426,153,356,75,269,215,453,121,15,400,101,111,77,18,45,13,0,0,male
249,97,219,64,123,128,274,76,21,278,99,22,31,4,37,4,0,9,male
233,147,235,34,134,176,321,107,34,265,144,92,22,0,31,9,0,0,male
235,127,240,61,211,219,441,120,17,267,163,105,55,12,59,3,0,0,male
318,146,302,78,229,182,465,124,20,288,126,102,86,2,53,2,0,0,female
262,108,245,63,126,111,253,65,12,249,80,59,86,4,44,7,0,0,male
476,263,453,116,282,259,676,192,45,573,232,116,30,4,113,4,0,0,male
183,100,162,52,159,125,279,74,30,249,124,54,118,15,35,1,1,2,male
274,171,293,49,212,184,352,102,56,277,133,78,98,15,63,14,0,0,male
178,80,165,42,180,127,291,57,27,202,91,55,52,5,22,0,0,0,female
336,170,285,71,255,268,435,190,25,398,203,118,33,9,53,7,0,1,male
384,225,416,91,402,388,702,211,71,377,254,165,87,0,96,0,0,0,male
467,247,352,87,240,216,449,174,28,451,132,165,127,42,55,23,0,2,male
435,219,312,80,275,245,403,177,20,425,155,137,27,42,58,20,0,0,male
259,186,281,62,265,216,410,107,25,305,141,78,166,6,74,2,0,0,male
312,166,280,52,281,188,413,117,26,503,153,75,175,2,87,3,0,0,female
873,413,738,154,638,725,1037,326,35,858,280,369,197,21,105,9,0,17,male
293,137,284,64,190,172,381,122,33,272,139,85,25,7,48,3,0,0,female
70,24,109,16,125,100,160,24,22,140,28,28,49,2,10,11,0,3,female
324,176,318,87,276,272,541,106,37,408,185,109,90,20,74,2,0,0,female
190,93,175,48,136,88,167,71,8,127,51,56,12,2,39,4,0,0,female
322,140,315,71,261,214,510,82,39,339,112,116,34,1,63,3,0,2,female
442,254,441,78,436,322,669,211,59,546,269,170,112,0,106,13,2,2,female
529,312,560,145,436,437,836,319,102,558,339,180,71,1,107,3,11,0,male
400,229,351,72,281,267,604,160,34,381,226,116,40,9,80,2,1,0,male
270,173,315,79,274,292,399,151,33,366,169,82,172,4,86,4,0,0,male
100,46,85,21,48,49,88,57,5,120,50,38,16,17,15,6,0,2,female
417,205,389,71,343,300,572,167,58,499,180,101,109,4,78,8,3,0,female
341,209,301,88,226,252,391,120,26,333,161,89,14,1,92,2,0,0,male
189,109,213,23,221,209,370,104,14,155,94,67,9,0,85,2,0,0,male
467,228,425,99,347,319,554,147,35,467,186,125,94,0,87,5,0,0,male
402,228,337,61,270,267,509,231,29,428,185,117,48,4,75,4,0,5,male
380,172,369,88,265,224,511,171,83,321,197,70,39,8,88,7,0,1,female
290,171,298,81,281,245,486,129,49,336,188,125,142,7,67,6,0,4,female
299,173,261,56,242,189,371,207,42,309,151,107,76,5,56,4,0,1,female
593,301,512,86,347,354,638,270,65,645,210,153,76,18,80,17,0,0,male
445,277,416,88,310,298,541,273,36,431,195,140,51,3,100,12,0,1,female
216,108,195,50,166,142,301,131,47,255,124,72,18,11,41,1,0,0,male
694,343,477,123,298,269,578,301,36,889,237,144,89,22,86,194,5,2,female
581,292,491,109,356,335,550,274,25,562,238,230,130,8,98,2,0,1,female
363,261,376,86,453,347,818,173,35,543,315,141,66,3,110,17,0,0,male
381,235,399,111,385,298,685,218,42,521,226,136,51,5,67,6,0,0,male
211,111,188,39,265,169,401,143,25,298,167,78,59,3,38,2,0,0,female
254,116,196,42,138,143,301,152,38,351,96,66,70,13,37,12,0,5,male
275,133,250,50,159,111,236,106,14,228,75,95,31,1,51,2,0,1,female
38,21,47,8,37,33,87,14,7,122,36,18,24,0,3,0,0,6,male
363,218,321,76,285,251,449,236,50,430,195,151,104,3,69,11,0,0,female
350,155,286,66,179,185,338,170,14,365,111,85,44,4,49,5,0,0,female
328,174,300,62,243,228,378,88,20,298,112,92,79,3,67,6,0,0,male
266,124,256,54,190,162,311,104,35,274,88,70,89,0,49,3,0,1,male
97,51,150,40,122,78,213,58,17,129,83,34,44,9,43,4,0,0,male
339,201,367,67,326,299,565,181,29,400,249,130,70,4,85,8,0,0,male
413,206,373,76,301,294,529,174,19,483,166,143,55,4,64,6,0,1,male
189,133,302,70,245,166,472,113,36,274,225,81,118,13,46,3,0,0,male
155,116,245,73,259,167,413,86,31,234,168,64,94,0,59,0,0,3,male
153,61,132,32,103,95,142,37,6,158,46,39,36,2,34,2,0,3,male
267,153,258,81,150,143,295,138,6,258,151,94,48,0,78,5,0,0,female
475,275,436,181,329,334,569,147,25,443,200,118,101,16,85,9,0,0,male
666,465,666,214,451,398,818,372,60,710,323,152,23,9,222,18,0,0,male
559,217,426,85,325,287,588,181,27,535,180,193,184,16,74,15,0,0,male
179,85,155,58,85,68,149,72,2,159,52,60,13,9,30,3,0,0,female
321,153,269,41,276,276,399,157,47,306,126,143,69,8,61,3,0,0,male
227,95,183,45,124,83,214,69,15,137,55,60,10,8,56,3,0,0,female
104,61,181,22,121,95,291,59,5,207,69,59,42,1,23,0,0,1,male
368,192,345,89,322,262,582,111,22,420,169,119,126,2,59,5,0,8,female
229,148,261,84,203,282,438,185,54,430,229,91,155,6,45,2,0,5,male
66,49,69,25,37,51,78,38,5,80,29,18,3,4,21,1,0,0,male
471,216,349,92,239,220,368,143,23,405,136,99,52,4,61,20,0,0,female
313,206,349,82,301,328,635,169,28,329,209,116,41,7,66,11,0,0,male
376,229,369,72,395,341,607,187,54,437,178,108,158,3,72,3,0,0,male
444,254,441,130,383,272,594,218,57,364,232,122,113,0,120,0,0,0,female
376,195,345,86,284,239,515,106,26,380,129,101,69,1,64,2,0,1,female
344,231,374,95,342,302,611,213,22,445,230,99,80,0,98,3,1,2,female
752,296,710,161,537,386,829,392,47,755,286,204,57,11,139,28,1,3,male
344,176,317,74,222,214,468,165,25,363,191,93,22,1,73,5,0,0,male
256,144,286,64,243,215,419,140,20,245,170,124,52,0,74,2,0,0,male
403,252,400,123,270,326,551,227,47,475,296,156,115,0,97,12,0,1,male
287,144,281,59,205,123,307,110,20,289,111,110,60,2,46,2,0,0,female
333,197,294,58,281,308,479,188,57,473,206,103,77,6,75,10,0,0,male
224,129,253,42,232,198,347,105,24,252,134,83,94,2,44,2,0,1,female
488,221,427,68,304,249,535,183,50,434,195,178,80,16,69,3,0,0,male
404,277,409,112,303,264,679,235,40,562,253,170,74,8,87,6,0,2,male
176,85,189,53,141,115,210,75,10,161,81,58,33,0,52,0,0,0,female
136,86,149,34,138,129,311,72,29,198,86,59,26,49,37,1,0,0,male
101,60,98,32,74,75,183,55,2,129,70,47,16,5,21,3,0,0,female
119,58,118,31,156,89,209,77,16,137,82,57,32,0,14,0,0,0,male
320,159,283,64,260,173,342,187,35,317,177,136,44,3,86,6,0,1,male
160,63,143,32,96,81,193,91,13,143,70,52,15,7,19,3,1,0,female
145,74,147,33,99,90,171,57,22,154,59,53,28,4,26,2,0,0,male
681,251,527,106,285,249,469,187,25,994,153,109,110,19,72,71,0,0,female
306,137,205,55,175,101,306,67,42,289,89,49,30,1,31,2,1,1,female
459,264,383,71,254,301,498,249,27,324,168,134,5,4,86,6,0,0,male
531,285,415,97,253,244,422,174,20,487,158,128,98,9,70,18,0,0,male
315,147,310,74,205,136,391,124,25,278,148,79,27,11,59,14,1,0,female
136,86,135,26,132,119,230,92,9,165,91,47,33,3,24,4,0,1,male
478,297,500,84,362,346,599,365,34,493,193,146,38,7,115,9,0,2,male
381,181,310,56,288,276,503,149,77,421,159,120,134,35,63,9,0,3,male
135,98,191,35,131,128,253,54,13,154,93,45,81,2,46,0,0,0,female
566,276,473,97,258,187,363,137,22,543,116,143,96,5,84,26,0,2,female
241,127,210,64,186,129,273,65,18,234,82,51,69,1,42,1,0,0,female
348,185,297,86,267,211,425,150,23,309,147,67,67,4,61,8,0,0,male
95,35,81,20,51,39,90,22,5,71,12,26,12,0,12,4,0,0,male
196,112,196,45,139,123,288,142,30,243,100,70,22,1,49,13,0,2,male
626,303,486,108,356,313,624,174,40,592,194,84,126,13,69,11,0,0,male
176,131,205,29,258,232,439,152,24,292,192,91,64,0,30,1,0,2,male
457,260,334,70,291,308,559,189,59,453,199,97,84,4,62,5,0,0,male
350,226,288,80,330,305,470,131,15,364,192,110,95,5,92,4,0,5,male
95,48,126,27,107,77,145,55,18,107,51,23,38,3,20,0,0,0,female
193,87,200,45,168,153,293,97,17,215,113,63,54,3,56,0,0,0,male
116,68,126,33,40,22,131,34,17,145,30,20,8,2,6,3,0,1,female
152,61,163,33,85,93,165,48,19,174,45,35,39,1,13,2,1,0,male
76,31,57,13,45,30,60,23,6,62,21,16,31,0,18,2,0,0,female
271,223,355,89,299,288,614,219,53,375,251,119,64,0,42,1,2,0,female
341,253,398,79,346,355,639,226,42,406,300,97,51,2,117,13,0,0,male
185,113,202,52,242,176,472,115,15,288,195,83,59,1,37,5,0,0,male
408,237,310,87,256,209,398,126,30,351,146,106,44,40,92,17,0,0,female
242,146,233,66,177,162,302,79,15,258,127,70,80,0,33,0,0,0,male
207,120,181,48,149,130,225,65,21,180,76,52,96,1,34,3,4,0,female
333,148,332,89,234,196,338,181,36,313,117,118,70,5,39,5,0,0,male
367,244,335,91,326,256,513,223,34,408,189,114,71,2,103,2,0,0,female
81,46,80,16,86,67,129,51,10,90,70,26,14,0,14,2,0,0,male
165,117,172,33,180,185,356,129,21,223,128,85,35,2,32,1,1,0,female
334,190,295,51,212,196,402,166,28,312,198,126,44,5,63,5,0,0,male
359,226,361,105,375,342,590,221,36,459,243,97,136,0,101,5,0,4,male
411,235,351,98,242,214,363,141,32,427,150,92,50,10,73,21,0,0,female
496,344,417,91,476,446,712,288,74,567,251,159,188,6,90,16,0,0,male
216,101,200,51,147,133,236,115,9,192,92,63,33,9,43,0,0,0,male
279,135,216,42,203,151,353,65,21,255,112,113,23,3,49,3,0,0,male
278,140,229,47,134,139,339,125,19,254,118,78,30,8,68,5,0,0,female
618,326,591,137,420,484,886,225,63,626,283,166,106,13,121,24,0,0,male
274,147,308,73,283,257,545,100,24,203,162,93,69,1,56,3,0,0,male
271,163,258,55,210,153,332,161,27,262,135,76,46,0,57,1,0,0,male
247,167,298,64,357,284,582,87,59,287,178,126,148,0,47,0,0,0,female
925,422,699,193,289,314,666,225,88,856,224,183,77,19,155,9,1,0,male
258,152,242,43,277,221,439,91,48,386,145,62,143,8,39,4,2,0,male
246,126,232,35,236,220,387,85,32,255,132,66,29,0,48,11,0,0,male
147,48,128,25,92,77,131,43,20,136,48,32,12,0,8,0,0,0,male
485,244,398,79,413,288,577,278,56,365,252,105,41,22,115,10,1,0,male
572,280,477,87,332,356,612,190,27,386,259,149,33,4,128,2,0,0,female
249,127,200,70,178,111,297,87,18,263,126,89,41,3,40,6,0,0,female
466,262,419,112,296,208,458,173,55,551,143,113,70,9,62,40,0,1,male
167,112,185,48,183,160,376,101,25,233,139,68,15,2,34,1,0,1,male
419,177,375,57,240,205,374,144,73,510,125,74,99,16,53,16,0,3,male
307,164,336,56,279,226,496,167,47,393,189,119,59,8,42,4,0,0,female
586,314,588,146,366,367,640,233,33,655,192,198,194,11,137,12,0,53,female
236,135,225,68,165,150,288,80,13,223,88,46,65,5,36,16,0,0,male
260,173,258,56,227,213,442,114,50,304,152,90,102,6,58,0,0,0,female
252,117,222,48,296,189,341,96,13,268,124,74,61,3,45,0,0,1,female
499,252,463,97,385,355,642,183,138,453,164,122,90,5,95,19,0,1,male
271,108,293,53,190,230,379,124,17,293,129,76,39,6,51,3,0,0,female
451,240,386,93,298,282,520,206,41,580,181,97,158,11,49,32,0,6,male
104,52,90,12,63,63,115,55,17,129,37,30,24,2,20,5,0,0,male
384,204,242,68,160,157,251,100,11,282,123,83,4,1,66,3,0,0,male
287,166,260,48,162,190,383,123,36,309,127,131,50,2,36,9,0,0,female
23,18,51,16,55,45,130,9,11,63,38,23,43,0,4,0,0,0,female
344,230,335,92,303,258,537,215,32,392,204,133,75,3,95,12,0,4,female
154,85,155,38,110,73,245,66,30,257,78,34,16,2,18,6,0,0,male
285,148,313,73,301,250,603,157,28,319,219,109,14,8,67,5,0,0,female
173,122,215,43,190,131,437,112,14,244,201,91,22,2,32,0,0,0,male
258,208,331,88,303,225,497,118,42,296,200,119,100,1,92,3,0,0,female
723,312,626,131,309,286,535,208,39,756,183,194,140,8,97,41,0,2,female
244,134,218,49,166,168,291,86,16,298,98,56,57,13,24,17,1,1,male
154,89,149,38,136,111,207,83,19,202,76,29,38,8,25,10,0,0,male
290,183,310,83,274,271,522,121,15,454,200,84,104,15,62,13,0,0,male
351,169,322,58,257,229,451,209,45,364,155,116,54,10,57,1,0,0,male
256,116,254,53,190,167,319,125,20,234,86,97,26,6,44,5,0,0,male
133,76,106,39,61,54,137,32,6,93,38,20,7,1,19,2,0,0,male
322,227,303,66,232,180,367,201,35,386,142,79,62,6,88,13,0,0,male
212,99,231,56,122,137,226,103,17,225,89,53,86,8,51,19,0,2,male
490,313,466,151,324,252,518,146,40,456,169,110,108,1,106,8,0,0,male
324,226,407,87,345,243,650,203,29,391,223,136,71,1,89,4,0,0,male
398,180,384,82,281,239,493,138,53,396,134,117,125,4,79,44,0,0,female
148,75,142,26,120,102,191,60,32,180,52,26,39,1,24,1,0,0,male
411,248,379,110,261,229,425,260,34,346,224,107,62,23,142,8,4,1,female
368,267,411,101,277,280,556,218,78,425,207,118,39,3,84,8,2,2,male
362,227,366,119,245,206,464,136,96,398,212,112,136,4,70,10,0,1,male
369,230,315,79,302,268,452,142,126,449,218,83,95,15,53,14,32,0,male
416,219,351,74,341,295,560,193,40,441,206,147,103,11,88,8,0,3,male
219,114,172,52,131,128,263,72,25,186,88,55,39,56,30,3,0,0,male
260,193,272,76,283,255,504,159,67,353,205,122,102,6,55,6,2,0,female
86,31,73,4,84,56,134,59,9,86,38,34,3,1,16,1,0,0,female
351,171,325,78,249,190,451,105,45,276,147,112,67,4,83,0,0,0,female
369,233,395,81,339,268,652,207,53,430,180,103,93,9,74,2,1,0,male
104,56,105,29,114,77,160,48,20,126,39,45,87,0,24,1,0,0,male
405,179,349,92,203,168,380,153,27,378,122,91,70,3,76,6,0,2,female
364,216,267,58,300,219,488,183,72,382,130,114,56,12,61,11,0,2,male
98,53,105,28,89,77,167,44,18,98,65,27,12,0,16,1,0,0,female
380,187,351,75,325,227,532,140,22,348,145,134,93,8,58,4,0,0,female
359,197,335,96,277,238,495,179,17,347,205,99,70,8,81,9,0,0,female
262,123,211,47,87,84,168,61,20,325,72,30,72,42,30,15,1,0,male
647,296,528,109,345,324,562,247,38,742,184,172,103,20,71,23,0,0,male
209,110,252,69,222,199,486,105,30,278,164,78,36,7,28,2,0,0,male
153,129,183,43,166,160,363,116,23,256,124,74,54,5,36,6,1,0,male
242,110,303,57,280,235,563,106,49,352,206,99,37,4,35,1,0,2,female
329,156,268,71,214,170,401,82,50,340,134,87,87,0,55,13,0,2,female
384,203,357,84,215,233,468,194,27,381,145,82,46,10,68,8,0,0,male
280,149,303,68,200,201,351,155,52,272,131,97,72,24,33,2,0,1,male
359,138,306,64,246,208,375,135,29,346,133,65,98,15,54,6,0,0,male
308,125,275,48,167,142,283,124,36,278,88,71,72,6,42,4,0,0,male
340,227,331,72,323,269,548,174,54,410,176,93,107,3,63,10,0,0,male
481,243,393,104,204,213,382,167,51,523,154,131,100,21,71,19,0,0,female
405,276,392,93,349,272,641,193,65,525,238,92,56,1,70,13,0,1,male
297,132,247,49,269,231,422,106,22,351,150,91,54,4,40,4,0,0,male
357,194,337,72,264,184,395,146,30,317,152,125,63,25,83,0,2,2,female
68,48,72,12,36,41,126,38,6,88,51,26,13,2,15,3,0,1,male
373,222,385,107,244,218,421,149,55,325,168,93,85,2,100,7,0,1,male
613,356,464,126,391,340,615,289,66,645,241,144,99,3,110,30,0,0,male
255,158,254,46,181,161,271,119,20,310,93,97,77,7,39,6,0,2,male
532,307,503,139,382,321,700,225,64,545,331,102,90,7,127,10,0,0,female
251,152,271,55,198,145,308,181,16,240,137,74,55,3,71,6,0,0,male
241,193,266,66,271,178,496,128,80,408,189,125,120,14,45,7,0,0,male
292,141,252,55,199,160,322,162,21,243,115,78,41,9,38,0,0,0,male
134,73,110,26,132,100,212,69,9,119,74,45,27,0,22,1,0,0,female
273,144,298,56,303,258,540,166,74,298,207,111,62,2,54,0,0,0,male
77,35,67,7,57,59,94,40,6,88,28,18,18,2,12,0,0,0,male
218,147,245,30,227,280,515,115,44,343,231,69,25,1,55,5,1,1,male
154,96,167,42,128,115,183,72,13,175,74,61,42,0,25,2,0,0,male
149,94,169,35,152,105,278,60,32,174,117,70,108,10,27,1,0,0,male
366,208,295,63,203,227,468,167,21,353,142,98,28,15,62,4,0,0,male
401,254,294,43,310,286,544,163,54,444,207,109,39,1,80,5,0,7,male
203,110,248,62,219,214,309,147,27,307,104,82,93,7,51,20,0,0,male
198,93,151,60,93,74,179,76,8,177,68,60,30,6,31,8,0,0,female
284,145,280,60,262,207,545,120,36,290,170,106,48,2,55,2,1,1,female
360,213,343,79,295,263,506,175,36,575,203,116,262,21,71,11,0,8,female
406,230,364,98,343,224,536,160,58,456,183,106,99,0,77,15,0,0,male
67,51,102,30,105,108,170,55,6,91,65,38,35,0,22,1,0,0,female
407,229,430,51,358,339,591,229,44,475,197,222,55,2,58,21,0,0,male
586,272,552,142,293,250,517,206,36,514,187,165,69,14,119,12,0,0,female
364,253,401,80,321,383,679,211,89,483,296,136,89,1,114,9,0,6,male
98,32,83,19,44,46,83,22,4,80,21,23,2,3,14,0,0,0,male
236,146,240,67,150,144,316,120,46,242,98,75,22,3,50,4,0,0,male
301,245,272,67,381,363,512,228,55,491,235,106,198,1,70,9,0,7,male
205,102,187,40,149,119,252,64,16,182,90,58,25,9,37,3,0,2,male
216,114,210,57,176,139,283,111,20,188,84,93,19,2,56,13,0,0,female
232,127,218,46,232,202,386,110,16,259,124,105,37,4,58,2,0,0,male
601,311,494,147,351,270,494,287,20,534,238,193,60,11,128,8,0,0,female
54,35,61,18,73,51,142,18,35,86,44,26,21,0,12,0,0,0,male
465,294,342,97,264,243,431,178,48,609,160,86,188,76,62,30,1,2,male
299,142,228,59,150,119,236,107,14,259,111,88,11,0,66,17,0,0,female
408,230,381,105,303,244,502,173,17,321,166,107,63,10,110,6,0,0,male
247,155,293,82,281,231,489,141,60,341,228,123,78,2,42,6,1,7,female
132,69,163,39,90,103,194,50,5,110,54,51,1,0,40,4,0,0,male
312,176,292,55,248,215,387,164,7,338,134,135,105,1,51,1,0,0,female
353,215,294,74,213,231,354,133,29,425,122,136,53,30,63,9,0,0,female
388,201,344,88,211,250,482,260,29,352,154,115,47,8,56,5,0,1,male
601,375,520,136,412,330,647,231,25,616,246,147,82,4,114,18,0,5,male
462,219,375,71,305,250,445,179,45,433,134,136,60,4,85,14,0,0,female
317,181,363,73,363,284,621,164,24,316,187,120,52,0,54,1,0,0,male
303,207,309,71,386,360,645,183,49,399,199,126,76,0,78,6,0,2,male
559,197,429,81,209,164,388,135,36,551,86,132,34,14,49,7,0,0,female
287,166,301,55,265,223,517,184,39,390,226,122,50,1,56,6,0,0,male
226,111,247,70,164,167,334,160,41,284,145,70,70,5,35,2,0,4,male
483,241,403,78,387,361,559,176,48,566,191,107,146,5,82,9,0,0,male
416,216,366,73,272,243,423,179,32,520,184,134,100,25,83,9,0,0,male
458,226,371,68,308,316,577,171,38,428,159,142,39,3,89,9,0,1,male
266,116,250,52,192,171,327,101,40,265,103,51,87,42,55,1,1,2,male
190,134,293,50,367,339,575,135,23,279,181,96,81,0,70,0,0,0,male
217,112,228,48,181,174,447,86,17,252,147,70,23,2,34,0,0,0,female
335,216,348,106,340,254,533,169,61,388,173,140,141,4,91,2,0,0,female
607,244,524,104,356,318,595,238,48,561,202,172,44,13,131,17,4,3,male
345,161,262,54,216,222,356,127,23,381,107,118,100,27,43,9,0,1,male
206,116,222,52,200,160,383,92,45,276,129,82,58,6,34,5,0,2,male
396,165,401,111,244,195,406,154,31,370,182,105,64,15,86,10,0,0,male
452,246,395,77,361,302,642,157,45,463,230,165,110,11,84,3,0,0,male
382,211,434,103,310,261,586,194,57,457,237,149,56,24,70,10,0,0,female
434,176,424,120,214,225,398,214,22,448,171,111,35,40,86,9,0,0,male
369,145,274,49,223,188,378,90,16,299,117,100,35,0,42,5,0,2,female
198,112,192,47,117,123,256,84,9,216,82,50,40,22,55,6,0,0,male
276,160,268,66,193,168,368,95,33,323,134,96,35,63,62,4,0,0,male
379,236,396,111,336,316,620,138,52,407,192,125,60,5,107,6,0,4,male
236,123,178,58,138,118,242,65,9,211,88,54,18,7,43,9,0,0,female
254,164,262,78,229,160,333,120,21,264,184,88,121,4,66,5,2,13,female
286,145,247,40,170,139,280,127,15,276,107,71,49,0,63,11,0,6,male
468,235,432,106,332,283,484,231,64,400,189,138,85,2,91,17,1,0,female
223,123,220,47,192,179,306,102,15,253,117,69,17,8,38,0,0,0,male
108,66,99,22,70,77,134,48,14,94,34,27,11,1,23,4,0,0,male
278,113,203,55,164,140,273,69,8,207,106,97,51,3,51,2,0,0,female
302,135,239,59,187,138,286,79,26,259,77,87,56,0,50,2,0,0,female
568,272,445,101,354,290,552,153,36,588,167,187,163,7,103,4,0,2,male
237,145,218,45,229,157,298,109,55,286,96,79,91,23,36,1,0,0,male
281,189,345,105,294,287,552,153,44,401,186,106,135,6,52,15,0,0,female
305,130,256,38,157,131,236,68,23,444,97,53,106,35,33,18,0,0,male
275,162,243,47,250,162,351,135,26,274,126,88,55,3,64,10,0,0,female
124,49,118,9,89,76,132,54,2,111,36,38,18,0,13,1,0,0,male
95,57,113,26,122,96,213,76,25,96,86,44,21,0,24,0,0,0,female
294,158,266,94,198,200,319,98,60,305,76,65,112,2,58,5,0,0,male
291,156,290,81,192,160,386,104,57,309,145,81,64,6,57,4,0,3,female
381,206,311,53,196,203,386,178,32,465,139,77,57,4,41,33,0,0,male
56,32,52,12,43,37,74,55,2,53,29,32,4,3,7,1,1,0,female
178,86,155,46,113,85,211,53,6,146,108,49,26,1,38,1,0,0,male
412,199,359,99,181,222,352,174,23,523,150,94,53,3,34,26,0,0,male
333,192,364,85,289,299,591,136,74,431,173,100,48,9,53,10,0,1,male
112,69,97,25,68,66,142,33,6,139,65,27,32,16,15,0,0,7,male
756,328,567,142,325,257,542,168,35,759,157,156,65,2,105,19,1,0,male
424,194,421,84,337,300,654,204,100,479,220,123,127,4,88,4,0,4,male
124,58,123,31,69,77,178,50,12,116,44,38,12,1,17,1,0,0,female
155,64,164,28,103,107,222,80,14,194,81,59,13,4,31,10,0,0,male
329,171,425,122,213,183,450,155,74,336,167,92,48,0,89,8,2,0,male
340,162,326,73,206,180,330,103,16,395,97,90,55,0,77,7,0,0,female
436,221,367,81,303,193,354,182,42,364,138,104,50,9,64,8,0,1,male
535,271,499,104,420,342,693,165,103,555,233,182,199,17,99,6,0,5,male
284,224,283,97,198,229,383,158,26,269,149,85,36,3,87,2,0,2,male
352,171,339,71,221,213,470,169,22,487,124,137,100,12,45,7,0,1,male
256,134,282,60,358,195,595,156,30,301,380,104,23,4,60,4,0,0,male
405,202,340,86,225,182,372,148,36,523,158,101,104,78,57,30,0,17,male
275,137,262,63,214,184,350,71,45,315,99,99,82,4,55,8,2,1,female
318,182,338,59,245,228,488,167,45,386,156,106,59,5,48,7,0,0,male
515,354,511,176,542,447,758,198,65,596,236,177,199,1,96,9,0,1,female
276,182,289,65,293,277,477,136,29,373,192,76,55,0,48,12,0,0,male
265,154,284,87,154,130,266,77,19,233,95,73,41,3,51,4,0,0,male
194,108,210,60,239,167,349,115,13,217,148,81,51,0,46,2,0,0,male
400,183,397,94,359,298,563,196,44,368,215,117,197,1,92,3,0,0,female
242,110,223,43,219,180,338,85,23,256,132,86,83,1,33,1,0,0,male
358,243,349,83,360,311,522,206,47,406,209,102,39,2,86,4,0,10,male
577,291,521,116,280,190,439,250,13,459,204,116,21,30,118,15,0,0,female
387,264,395,99,388,314,666,195,27,501,252,103,121,9,120,3,0,3,male
190,112,228,46,285,183,461,136,30,244,181,69,43,1,47,3,0,1,male
362,168,335,66,218,168,415,132,16,339,140,78,33,11,68,11,0,0,male
197,109,185,47,80,97,177,75,16,179,46,38,4,6,31,6,0,0,male
219,131,234,70,179,143,341,105,18,347,121,78,46,12,49,13,0,5,female
381,258,441,103,421,385,773,243,67,462,281,117,104,7,96,3,0,0,female
74,33,102,16,67,56,144,27,4,113,29,18,27,5,13,3,0,1,male
51,41,64,9,62,70,130,28,3,100,43,18,11,0,17,4,0,0,female
888,524,796,220,659,592,957,382,143,856,283,308,114,1,133,10,0,0,male
318,187,368,93,302,245,575,132,49,312,213,145,75,0,88,0,0,0,female
407,185,376,87,215,177,355,140,25,447,117,97,40,0,64,6,0,3,male
804,384,675,148,448,336,698,255,62,749,239,243,101,10,127,38,0,0,male
34,33,47,8,53,58,102,46,6,57,37,25,18,0,19,0,0,0,female
114,82,131,27,117,112,227,72,9,193,54,23,52,0,15,5,0,1,male
185,86,150,36,179,165,285,85,9,217,97,55,48,0,33,1,0,1,female
444,283,389,95,328,295,610,247,29,440,205,148,44,2,99,1,2,0,female
436,266,439,95,286,308,551,223,83,492,195,124,113,7,89,11,0,0,male
495,287,391,91,292,231,462,130,116,467,151,107,111,8,76,16,0,0,male
264,148,224,46,242,225,384,112,9,320,125,74,17,4,38,5,0,0,male
210,145,222,64,215,240,396,117,21,279,139,74,38,1,41,4,0,7,male
328,172,271,68,183,154,377,68,22,259,136,102,24,0,64,1,0,0,female
513,244,487,97,397,388,744,295,83,674,264,165,86,4,59,19,0,2,male
322,153,283,66,221,155,356,88,43,296,131,99,111,19,40,7,0,2,male
413,255,451,105,382,260,565,332,30,439,320,138,82,7,68,16,0,1,male
80,41,57,11,44,46,92,32,6,62,29,18,24,3,10,5,0,0,male
300,183,319,60,198,240,456,151,65,411,133,131,52,0,80,0,0,2,male
445,249,397,92,305,213,523,207,34,419,194,137,38,6,86,7,0,0,male
394,214,371,112,312,222,542,211,25,415,223,115,30,3,82,7,0,0,female
195,95,147,35,121,97,193,74,21,143,58,52,13,2,25,2,0,0,male
720,321,584,141,312,228,563,288,40,644,212,181,46,8,118,28,0,0,female
260,150,245,58,255,181,430,161,46,297,152,110,88,0,42,25,5,1,female
245,120,176,37,139,117,219,96,18,226,64,54,41,3,37,13,0,0,male
158,135,144,48,154,126,253,68,25,194,94,30,26,1,36,0,0,0,male
508,245,508,101,363,355,601,202,51,431,204,153,274,9,65,1,1,0,male
537,396,360,119,345,329,605,222,3,506,237,130,41,2,73,2,0,0,male
313,187,355,38,284,274,655,157,67,453,194,120,113,4,57,3,0,1,male
347,215,319,61,262,242,505,157,29,349,254,109,72,77,82,7,0,0,male
492,265,386,80,437,446,697,214,39,522,220,203,103,3,82,11,0,8,male
924,440,805,153,561,551,842,468,78,857,276,215,224,0,160,15,1,2,male
204,125,211,43,160,130,245,107,12,232,80,94,67,6,38,9,0,0,male
57,38,57,17,44,29,107,16,6,102,51,26,20,4,6,0,1,2,female
907,455,763,192,461,366,710,317,45,750,316,311,67,13,162,7,0,7,male
339,140,281,54,199,171,348,112,16,312,103,135,42,12,41,7,1,0,female
273,112,221,41,253,227,357,169,19,328,132,71,67,60,35,3,0,0,male
262,132,257,90,282,246,394,133,40,367,203,81,101,1,50,1,0,2,male
210,188,248,65,192,246,454,128,21,318,230,72,38,1,56,2,0,0,male
224,100,184,48,177,115,239,80,16,169,100,63,44,9,46,3,0,0,male
315,176,219,80,152,148,259,107,41,338,117,50,41,20,49,6,0,0,male
359,258,310,97,248,209,476,200,41,399,295,98,17,0,83,4,0,2,male
262,147,227,56,184,152,333,82,10,266,119,98,23,0,49,6,0,0,female
391,256,289,66,271,299,478,220,23,461,261,118,83,13,86,18,0,0,male
358,223,336,76,278,245,489,268,15,299,207,155,11,30,65,0,0,0,female
487,242,417,105,322,272,549,160,22,455,193,103,88,11,95,12,1,0,male
386,170,262,51,192,171,277,165,7,302,148,111,31,0,74,6,0,0,male
540,281,479,109,325,261,490,171,29,412,149,135,79,4,88,3,0,0,male
234,138,293,57,241,234,436,157,21,288,172,106,42,0,81,7,0,0,male
265,160,320,66,253,221,575,103,17,402,232,94,75,14,56,6,0,1,male
186,183,284,68,298,264,518,149,65,368,218,73,195,1,62,4,4,16,male
382,187,300,74,232,259,494,142,41,550,147,80,58,20,43,19,0,0,male
329,177,323,95,256,224,448,125,35,328,123,103,30,4,50,5,0,0,male
559,320,490,132,392,371,646,279,51,531,221,138,41,8,95,10,0,2,male
597,326,561,113,366,322,527,247,41,623,150,207,159,6,105,8,0,14,male
396,220,354,80,349,284,579,255,18,346,224,110,17,6,82,17,0,0,female
567,341,493,138,370,400,649,283,43,582,268,164,124,7,98,21,0,0,male
169,94,166,36,112,96,171,79,3,111,52,62,8,4,43,0,0,0,male
416,211,387,69,318,331,580,256,34,538,244,153,119,5,78,21,0,0,male
230,141,204,66,108,110,242,82,7,220,113,65,2,1,51,10,0,0,female
475,255,457,104,322,336,557,257,21,396,156,110,64,4,102,6,0,0,male
447,228,401,88,365,299,604,202,43,385,204,117,58,2,100,2,0,0,male
187,135,179,50,131,156,265,86,9,172,103,67,32,3,40,5,0,0,female
150,76,118,26,70,55,119,103,21,153,43,37,24,6,33,14,0,1,male
439,230,464,91,353,416,719,246,59,491,220,139,49,3,96,7,0,5,male
303,180,274,69,187,165,326,154,62,301,158,137,19,5,74,6,0,0,male
234,100,267,57,158,87,268,117,7,245,124,61,6,1,50,6,0,0,male
310,156,272,73,255,224,411,176,20,384,160,69,117,11,56,6,0,0,male
354,224,366,82,302,307,615,147,31,462,194,140,50,8,61,15,0,0,male
131,51,105,25,105,68,141,33,6,102,33,57,57,4,9,4,0,9,female
449,242,312,86,203,180,319,141,19,384,166,99,79,14,93,7,0,1,male
152,91,190,38,180,140,369,79,10,201,105,92,44,68,36,3,1,1,female
375,161,327,70,248,246,446,173,20,360,148,108,60,5,48,2,0,1,male
447,340,451,115,389,354,755,228,59,512,288,131,107,1,113,18,0,0,female
154,75,209,44,141,133,304,75,5,273,128,34,25,7,29,3,0,0,female
878,436,794,169,487,457,759,335,64,904,209,252,233,5,108,15,0,0,male
496,295,448,90,366,355,650,268,88,603,227,165,134,5,92,21,1,3,male
424,194,355,76,283,236,461,144,23,384,125,143,68,5,91,2,0,0,male
211,116,200,46,212,153,340,113,38,218,112,79,48,6,58,2,1,1,female
173,106,209,40,197,175,307,89,30,201,113,53,140,48,46,2,0,0,male
307,195,318,94,253,243,462,184,22,342,188,123,52,8,74,7,0,0,male
445,259,427,117,289,276,520,225,76,452,207,132,83,6,79,24,0,0,male
280,110,282,55,235,181,489,150,39,301,208,71,40,2,50,1,0,0,male
390,172,306,61,259,281,446,123,23,455,130,118,87,11,59,6,0,13,female
371,190,345,49,203,207,331,197,50,377,186,139,83,28,80,8,0,1,male
689,337,513,139,415,320,632,247,47,656,193,165,76,4,89,20,0,0,male
305,154,281,58,280,257,486,139,24,389,174,143,68,12,61,12,0,1,male
131,77,131,44,113,109,164,62,12,187,60,58,71,5,31,0,0,2,male
337,147,236,49,204,168,317,128,11,302,112,83,67,4,41,5,0,0,female
422,187,363,64,297,218,517,147,38,358,190,113,14,4,39,11,3,0,male
397,198,269,51,166,166,265,156,18,406,95,115,87,5,50,14,0,0,female
545,248,489,110,298,203,489,232,80,480,146,123,63,26,91,3,1,1,male
284,157,274,89,160,138,321,94,30,258,128,78,57,4,67,6,0,0,female
73,46,75,25,75,53,114,35,19,76,48,19,17,0,20,2,0,0,male
337,181,270,67,283,191,430,128,8,316,174,124,102,0,64,3,0,0,female
759,421,647,151,531,435,851,461,54,828,359,230,163,3,153,25,0,2,male
466,215,383,93,333,250,566,169,59,402,184,101,116,4,94,6,0,3,male
299,160,280,68,252,217,401,128,9,359,168,85,184,0,53,3,0,0,male
1043,541,891,212,548,502,813,390,54,1011,283,303,121,14,178,38,0,0,male
389,217,404,87,255,268,471,202,68,500,161,133,172,22,74,9,1,0,male
451,225,397,94,272,188,479,154,15,498,195,114,104,5,55,10,0,0,female
374,209,311,83,221,188,299,221,25,348,142,79,86,40,40,18,0,1,male
270,125,316,105,216,208,443,138,42,253,156,77,25,2,58,3,0,0,male
143,76,153,31,128,134,216,121,19,145,73,46,9,0,38,2,0,0,male
274,165,263,90,198,211,394,143,33,319,144,48,75,5,35,8,0,1,male
238,135,281,85,240,250,530,163,38,295,161,96,65,15,29,3,0,1,female
114,77,122,21,113,102,223,43,13,104,73,40,27,0,17,0,0,0,female
413,211,364,95,260,256,526,127,32,331,159,88,36,2,92,9,1,2,male
548,256,476,131,198,199,413,138,41,536,149,94,62,15,102,31,0,0,male
52,26,86,15,118,76,187,26,3,84,55,31,9,1,13,0,0,0,female
607,330,510,122,315,357,585,299,32,654,227,191,102,34,93,16,0,0,male
442,259,370,91,264,244,492,170,29,433,208,101,82,19,79,10,0,4,male
138,84,201,55,190,150,396,83,9,214,190,48,51,2,46,3,0,0,female
295,164,292,60,246,226,421,162,33,281,167,82,36,0,52,1,0,1,female
342,120,342,81,255,225,411,153,31,318,100,95,8,9,73,8,0,0,male
338,140,348,75,295,253,453,132,45,392,153,178,194,14,48,2,0,0,male
390,253,410,75,387,354,696,225,56,455,188,131,148,0,65,1,0,0,female
330,186,313,59,281,229,451,144,31,350,174,122,146,4,70,10,3,0,male
597,301,536,152,334,252,678,144,112,549,184,153,93,2,110,10,0,0,female
201,119,161,32,169,172,322,123,14,267,94,70,14,7,36,14,0,0,female
257,170,261,70,264,279,468,132,60,309,136,116,143,3,59,14,1,0,male
474,248,399,83,302,242,482,161,32,396,182,111,127,11,103,3,0,1,male
568,219,454,109,267,263,539,143,41,508,186,132,106,4,108,6,0,3,male
260,137,246,51,162,194,350,70,22,279,146,84,48,3,40,3,0,0,male
450,257,421,99,356,333,697,182,33,482,196,133,104,3,62,4,0,0,male
545,201,423,100,261,212,380,220,34,641,154,180,152,34,97,56,0,0,female
112,88,151,33,139,122,193,92,19,222,84,58,81,9,38,1,0,0,female
188,101,196,60,169,129,329,104,10,192,147,69,28,7,31,0,0,0,female
236,155,249,66,238,188,379,99,26,297,151,70,60,1,66,7,0,0,male
432,219,381,70,260,298,512,244,37,385,180,143,34,15,91,1,0,1,male
114,70,120,34,108,114,192,33,19,143,54,36,66,0,18,1,0,0,male
166,99,189,36,161,109,232,97,20,186,76,56,94,2,42,1,0,0,male
149,103,172,32,127,131,263,80,13,240,110,48,57,4,39,2,1,0,male
271,165,264,57,283,245,430,110,8,355,182,116,118,0,60,1,0,0,male
434,172,346,78,216,177,367,155,26,386,121,117,21,14,65,2,0,0,male
271,193,249,89,236,200,412,108,37,287,204,68,7,3,65,2,0,0,female
499,307,432,179,285,256,458,185,29,378,190,120,36,2,97,4,0,1,male
109,47,121,28,84,74,151,39,8,106,43,36,6,2,25,1,0,1,female
480,202,389,105,246,226,492,185,49,465,133,133,24,54,66,36,1,0,female
327,203,349,66,295,285,582,199,37,416,191,122,20,3,68,2,0,0,male
432,223,419,92,337,275,619,209,52,385,210,156,54,3,118,8,0,0,male
215,135,192,49,155,164,298,87,52,246,82,44,75,10,25,3,1,0,male
464,252,438,91,406,363,657,198,32,414,225,123,78,5,78,5,0,1,female
108,51,123,29,122,106,210,49,7,116,74,39,8,1,22,0,1,0,male
103,52,77,20,82,66,184,45,10,110,60,29,16,0,16,0,0,0,male
826,484,729,231,550,540,887,267,33,710,306,178,238,13,145,20,0,0,male
174,77,153,29,89,76,210,56,13,177,61,63,29,10,31,4,0,0,female
79,51,88,25,86,70,198,38,12,90,64,29,10,1,22,1,0,0,female
420,210,374,62,250,225,448,170,34,485,201,156,59,11,73,10,0,0,male
353,164,256,68,195,200,376,84,23,375,115,80,91,11,55,3,0,3,male
253,132,230,60,161,185,370,103,12,282,135,140,35,2,51,2,0,0,female
478,264,454,120,309,287,638,236,47,419,226,115,85,18,85,4,0,0,male
303,179,292,98,268,299,530,162,18,405,169,116,36,10,46,7,0,0,male
224,160,238,48,251,232,594,154,36,285,164,88,19,5,47,2,0,0,female
321,174,297,80,215,171,367,143,26,257,107,85,54,1,67,1,0,0,female
131,55,149,40,172,200,311,65,15,126,101,65,14,2,30,0,0,2,male
523,269,479,125,345,308,610,189,24,418,259,140,82,15,135,6,0,1,male
296,171,274,64,225,248,462,151,21,403,195,136,57,7,47,5,0,0,male
84,62,111,27,78,88,176,47,10,121,65,28,17,3,13,0,0,0,female
517,323,510,156,457,460,771,274,50,666,265,117,92,17,101,13,3,4,male
352,260,356,84,301,233,480,163,54,397,190,129,102,3,92,14,0,2,male
448,221,343,117,122,129,266,135,12,499,138,82,28,23,64,19,0,0,male
405,259,313,86,256,278,477,188,30,449,164,118,141,3,80,8,0,0,male
382,210,371,122,299,292,508,162,36,417,173,92,42,5,97,13,0,0,male
282,119,242,57,186,129,328,127,22,287,134,76,60,11,32,2,0,2,female
187,114,156,35,133,118,225,62,10,200,62,44,73,8,39,3,1,2,male
479,320,455,162,386,292,669,191,24,466,304,144,39,12,165,18,0,1,male
159,81,158,37,66,87,161,71,19,180,56,50,7,4,33,7,0,0,female
491,339,414,71,332,347,585,314,40,429,184,134,32,0,67,9,0,3,male
76,36,75,20,48,39,83,30,15,81,31,11,9,4,16,3,0,0,male
264,127,230,68,134,129,228,143,11,243,128,66,2,5,54,7,0,0,male
156,105,147,43,102,103,200,71,7,178,103,33,3,6,38,9,0,0,male
398,273,354,85,361,300,494,211,39,385,226,118,97,5,86,2,0,0,female
274,124,259,41,206,219,368,118,40,242,106,78,71,2,42,4,1,0,male
340,199,317,83,211,219,465,124,19,345,155,97,52,3,81,10,0,0,male
309,129,193,39,252,195,355,55,20,404,110,112,86,0,45,5,0,0,male
38,28,52,18,61,56,113,20,6,235,42,19,127,4,7,7,0,37,male
313,184,250,59,250,202,401,148,42,392,156,84,122,30,55,10,2,1,male
365,218,359,101,295,250,583,191,35,425,260,153,70,7,91,3,0,0,male
364,175,408,83,252,212,446,130,7,425,158,152,30,4,83,17,0,11,male
236,166,323,91,278,254,488,130,4,279,172,89,82,2,74,4,0,0,female
157,88,173,60,144,128,289,52,20,201,105,34,36,4,18,0,0,0,male
373,175,332,64,208,260,414,148,22,392,164,110,13,3,63,7,1,1,female
123,90,135,30,149,126,259,66,14,131,93,52,65,5,25,2,0,0,female
417,218,369,80,378,372,502,159,38,477,210,130,221,9,86,4,0,5,male
485,266,358,77,275,248,468,143,35,426,186,194,112,24,57,8,0,0,male
408,167,411,79,252,309,486,187,32,409,141,120,116,18,78,13,0,0,male
358,139,340,58,281,239,631,142,27,395,176,178,61,7,52,16,0,1,female
459,231,405,118,269,187,430,151,19,402,188,106,16,1,100,1,0,0,female
476,283,371,105,339,298,579,246,19,495,209,161,179,8,99,13,0,0,female
100,47,94,16,52,55,110,39,35,130,38,21,7,5,13,1,0,0,male
441,238,375,92,204,208,331,152,33,650,154,88,149,64,50,38,1,1,male
216,113,188,41,153,143,265,111,15,193,85,54,29,6,40,2,0,0,male
256,147,222,56,184,153,336,134,16,250,130,75,18,13,58,6,0,0,female
365,203,335,61,308,273,542,160,41,381,224,129,62,2,59,7,0,4,female
169,83,154,43,146,99,249,89,9,124,85,51,31,2,33,0,0,0,female
275,161,317,83,249,244,534,93,61,372,184,98,103,6,78,3,1,5,male
74,40,107,18,110,88,188,27,8,113,67,34,37,0,17,0,0,0,female
471,293,451,128,344,368,634,251,56,442,211,107,71,6,101,2,0,0,male
573,239,504,110,440,322,616,236,31,564,236,149,206,13,134,7,0,0,female
455,278,409,75,333,311,549,205,54,449,194,131,53,5,111,9,0,0,male
241,98,215,38,174,167,355,89,20,284,117,108,56,10,58,3,0,0,female
390,250,328,106,282,283,521,167,13,488,222,126,108,2,72,5,0,1,female
119,59,149,31,103,112,234,49,9,121,73,59,44,3,15,0,0,0,female
625,303,524,152,260,262,513,186,48,584,181,117,60,1,84,20,0,0,male
782,371,659,127,457,456,801,396,97,835,213,206,153,11,95,15,0,1,male
202,126,186,44,151,136,253,69,7,145,85,66,17,4,58,1,0,0,male
334,238,340,98,363,381,648,161,44,489,222,135,174,9,77,9,0,0,male
533,276,387,108,230,258,424,200,34,520,165,99,96,17,84,20,0,0,male
217,70,258,55,202,147,287,136,14,210,92,73,9,6,36,2,0,0,male
335,164,310,64,255,233,406,203,29,393,140,81,54,14,66,11,4,2,male
526,244,428,134,330,225,531,205,20,494,201,137,17,8,133,3,0,0,female
303,220,304,69,270,267,540,166,36,397,207,84,64,4,70,3,0,1,male
594,297,507,107,326,334,541,181,26,656,152,165,96,6,113,13,0,8,male
324,174,309,53,223,247,451,145,22,456,128,69,97,43,58,12,0,1,female
357,173,454,111,239,336,546,148,73,380,179,117,88,16,94,9,0,0,male
434,251,442,127,322,300,575,197,61,422,238,139,72,1,96,9,5,2,male
398,197,374,68,341,299,662,177,37,440,192,153,44,7,59,8,0,1,male
96,39,73,13,36,35,96,26,19,190,12,20,42,2,14,26,0,0,male
414,188,328,86,209,187,384,130,24,381,156,110,46,5,88,2,0,0,female
297,224,256,53,254,261,429,160,57,367,185,87,99,7,42,1,0,2,female
291,120,224,57,159,151,292,122,26,279,79,70,60,9,54,7,0,0,female
503,188,443,103,234,242,380,180,19,472,117,136,40,26,77,10,0,0,male
341,221,322,77,223,302,460,166,34,317,143,145,68,14,61,4,0,0,male
77,35,98,16,101,73,173,50,12,87,55,27,10,11,22,0,0,0,female
521,302,498,164,435,382,660,232,51,573,211,170,191,1,103,18,0,1,male
129,58,117,21,116,107,181,54,12,147,71,29,45,1,18,4,2,0,male
396,186,425,74,307,236,564,189,47,406,188,161,36,3,95,7,1,1,male
651,299,431,74,239,260,426,210,42,612,179,148,33,21,97,30,0,0,male
302,184,315,96,201,217,376,136,14,355,153,97,46,7,49,12,0,0,male
410,170,329,63,290,221,414,134,16,311,119,114,73,12,64,6,0,1,male
53,23,52,12,65,55,99,9,7,68,24,19,36,0,8,0,0,0,female
506,309,416,93,283,288,543,262,21,605,197,138,61,14,95,28,0,3,female
219,104,231,52,153,108,260,126,13,162,102,101,32,3,35,0,0,0,male
366,176,351,78,213,232,429,125,30,537,138,122,119,11,70,3,0,0,male
277,183,250,60,243,224,477,180,61,276,245,93,3,6,101,5,0,0,female
489,241,442,113,324,207,518,149,47,413,157,140,80,21,99,15,0,1,female
312,200,326,94,300,307,506,154,24,442,237,91,146,7,91,4,2,0,male
482,265,449,117,306,341,595,165,31,400,187,146,59,3,86,10,0,4,male
215,112,210,65,160,125,306,62,51,260,101,36,51,4,30,0,0,0,male
267,122,228,51,108,112,209,111,29,299,94,55,32,24,53,21,0,0,female
357,228,348,94,215,185,424,133,25,346,183,100,37,1,100,5,0,0,male
339,156,272,86,242,192,373,124,7,332,167,81,38,0,75,4,0,0,male
312,200,283,74,289,258,569,158,12,375,235,87,29,0,78,8,0,0,male
106,62,115,39,93,96,193,31,16,131,53,32,60,7,20,0,0,1,male
292,211,275,52,259,261,420,192,43,281,165,104,74,2,61,4,0,0,female
61,25,74,15,82,66,143,32,10,89,48,41,32,1,12,0,0,0,male
232,134,256,90,181,146,305,115,17,226,118,81,34,15,38,2,0,5,female
189,85,188,49,121,118,208,61,13,180,63,43,18,6,28,2,0,0,male
359,214,320,74,333,341,505,141,36,371,217,166,94,0,61,6,0,4,male
346,188,277,82,204,153,441,127,48,327,162,81,76,14,54,3,0,0,male
200,88,169,30,129,142,236,66,30,220,69,58,85,16,27,8,0,1,male
443,247,428,110,302,262,519,212,42,475,168,118,99,21,100,17,0,0,male
468,260,408,104,257,249,487,166,41,379,199,117,45,1,94,13,0,0,male
565,274,486,142,387,326,544,184,33,542,198,184,226,2,73,2,0,0,male
231,132,276,85,225,159,345,97,16,218,97,86,47,0,45,7,0,0,male
598,272,475,109,308,243,504,167,32,536,154,180,88,18,89,30,0,1,male
522,284,467,107,330,305,538,231,55,534,201,171,139,19,76,42,0,3,male
377,229,353,101,305,270,450,172,40,348,172,120,67,4,74,23,3,0,male
125,63,115,29,81,89,155,59,13,167,69,24,46,5,14,5,0,0,male
575,286,469,157,253,219,485,200,28,538,155,126,73,8,84,9,0,0,male
400,233,351,115,267,212,483,183,42,382,234,102,28,5,100,15,0,0,female
203,110,189,48,149,138,286,78,31,209,77,52,45,4,46,0,0,12,male
111,59,87,15,85,71,179,41,4,83,67,35,7,0,27,0,0,0,female
315,193,312,76,250,222,539,137,45,354,250,106,51,2,109,5,6,11,male
354,209,314,52,209,258,404,174,29,428,120,97,97,13,56,2,0,1,male
446,264,405,79,386,326,592,204,41,589,219,147,209,15,114,17,0,4,male
406,233,429,110,458,336,730,178,108,407,257,140,127,3,83,1,0,0,male
473,212,503,69,304,280,646,181,68,546,208,104,84,2,66,9,3,0,male
283,207,298,62,355,365,467,96,36,419,226,122,266,1,55,0,0,0,male
153,60,187,47,132,113,241,43,17,156,78,37,36,4,11,1,0,0,female
273,201,332,73,247,251,574,136,33,335,227,85,61,3,68,3,0,0,female
376,240,338,88,213,238,430,193,39,399,177,112,64,7,79,2,2,0,male
186,109,198,42,261,205,410,114,27,242,180,78,58,1,52,0,0,0,female
145,72,148,39,106,91,241,39,22,186,69,63,29,5,24,0,0,0,female
89,31,85,7,63,65,122,23,1,75,38,41,8,2,16,0,0,0,female
544,276,455,142,282,265,471,226,38,420,244,149,51,4,130,12,0,0,male
434,298,420,125,237,238,530,210,59,492,196,123,44,0,81,16,0,7,female
74,49,62,13,44,48,99,32,11,86,41,24,8,6,15,0,0,0,female
157,63,167,41,96,110,181,79,12,187,34,34,28,8,36,2,3,0,male
283,128,308,63,243,241,443,164,33,283,123,96,28,18,44,4,0,0,male
492,202,395,80,252,180,336,211,25,335,110,127,39,1,118,18,0,0,male
163,87,179,40,99,113,224,73,1,145,56,50,9,1,36,8,0,0,male
480,258,449,119,365,328,617,178,65,529,231,124,116,7,75,10,0,3,male
331,232,365,84,390,338,620,201,59,462,227,125,309,0,70,8,0,2,male
410,231,390,87,273,289,482,222,75,418,213,159,50,3,90,11,3,3,male
369,166,407,109,325,231,672,198,34,402,235,179,72,3,64,2,0,0,female
392,249,385,120,353,280,611,223,53,442,218,133,82,101,111,11,2,0,male
343,138,311,72,210,182,388,92,29,335,111,82,68,11,47,5,3,3,female
388,175,313,93,261,186,399,156,20,287,151,137,19,7,55,5,0,0,female
310,169,257,69,184,135,299,84,26,322,122,74,130,42,58,9,0,0,female
327,220,328,49,367,385,641,180,67,414,217,125,86,1,76,5,0,0,male
328,192,282,54,252,231,409,123,43,339,134,94,133,7,52,1,0,0,male
229,119,257,56,150,114,296,104,27,216,120,58,57,3,55,9,0,1,male
232,147,213,64,128,182,306,79,40,300,105,76,62,6,45,5,0,2,male
404,204,328,85,198,244,342,156,9,521,150,88,90,45,54,36,0,4,male
307,129,243,50,167,161,286,124,23,309,94,92,147,19,38,4,0,1,male
189,129,190,43,145,131,250,84,17,194,100,71,67,0,67,1,0,1,female
279,141,224,54,154,111,261,79,13,272,124,63,25,5,57,4,0,0,female
149,92,217,64,206,145,374,80,44,207,140,88,21,1,31,1,0,0,female
227,137,248,45,249,227,402,138,22,264,143,67,50,0,65,2,0,0,female
360,282,396,132,315,333,625,168,46,441,218,92,54,9,100,11,1,0,male
108,54,95,22,78,74,126,63,8,108,72,38,24,4,23,0,0,0,male
119,59,112,31,97,59,166,36,18,111,55,22,7,1,21,2,1,0,male
289,127,283,62,225,182,378,84,39,336,135,65,60,2,37,3,0,0,female
302,163,324,56,267,256,444,147,25,357,128,110,67,7,54,10,0,1,male
214,88,166,32,123,125,208,52,19,197,50,62,47,0,35,9,0,2,male
331,143,291,66,217,224,390,130,47,374,146,93,39,8,30,27,0,0,male
408,219,380,85,331,297,589,185,16,414,213,115,86,2,61,3,0,0,male
719,325,618,130,392,294,589,222,90,600,192,190,68,96,119,13,0,5,male
411,195,256,63,195,217,358,176,15,354,121,78,24,60,71,7,0,0,male
162,138,202,63,202,161,313,87,11,139,166,42,30,0,37,2,0,0,female
150,86,205,73,265,211,401,69,10,198,166,62,58,1,48,0,0,0,male
309,173,253,79,322,239,481,163,21,293,188,85,115,15,92,4,0,0,male
780,440,628,158,366,409,769,271,41,760,277,176,56,10,107,22,0,0,male
430,183,365,65,291,213,472,147,8,308,151,105,44,2,63,1,0,0,female
548,255,451,128,311,227,496,256,52,480,192,135,52,16,81,10,0,2,female
77,42,84,11,59,69,105,37,3,103,29,41,39,4,9,2,0,0,male
326,211,315,72,327,301,522,170,65,434,249,104,211,6,69,3,0,2,male
280,163,287,86,199,223,387,98,34,346,165,56,118,8,63,5,0,0,male
288,192,322,72,318,296,491,220,33,322,163,119,104,5,70,5,0,1,male
114,56,115,20,62,79,125,43,10,117,60,25,10,2,18,2,0,0,female
225,116,244,59,202,195,388,85,7,224,123,62,32,1,55,2,0,0,male
138,71,139,34,106,89,173,56,8,129,79,50,21,2,26,0,0,0,female
455,285,393,102,327,239,566,250,47,490,241,154,91,6,105,26,0,3,female
194,62,129,28,123,93,222,32,16,194,47,44,21,3,30,3,0,3,female
600,404,523,165,473,411,698,336,109,653,331,179,127,7,127,10,0,1,male
385,191,349,72,242,263,426,158,20,366,130,137,65,9,63,1,0,0,male
438,249,364,93,285,300,510,216,71,491,206,120,100,16,87,3,6,2,male
563,281,478,128,352,325,609,211,35,515,229,144,121,7,107,17,0,0,male
331,156,275,74,172,146,320,122,11,355,149,79,93,4,62,6,0,4,female
424,181,324,76,215,167,389,127,25,542,118,64,129,7,47,29,0,0,male
117,53,99,11,99,79,143,49,20,120,48,47,16,1,18,0,0,0,male
380,201,318,78,329,291,552,223,37,453,212,128,112,6,54,6,0,11,male
315,161,326,83,282,236,427,110,12,344,126,112,97,3,47,4,0,7,male
220,158,242,78,244,233,467,99,62,328,139,81,24,40,51,8,1,1,male
174,100,184,47,158,133,342,137,5,201,139,67,11,4,39,6,0,0,female
191,87,174,37,118,104,177,97,11,160,51,57,1,2,28,4,0,0,male
524,313,485,141,461,335,664,214,38,494,258,123,80,0,134,5,0,1,female
556,251,427,109,232,301,576,166,81,604,174,147,56,13,77,30,0,0,female
375,214,346,77,282,267,493,214,25,413,209,98,65,4,88,8,0,0,female
455,207,387,96,280,244,453,159,25,436,156,103,60,15,75,2,0,0,male
114,94,160,48,132,112,266,63,32,173,126,64,74,2,29,1,0,0,male
458,240,436,77,332,409,598,144,40,557,204,99,101,10,76,5,0,6,male
271,143,224,58,178,201,316,106,26,298,116,68,105,4,30,5,0,4,male
504,286,458,100,307,301,617,247,60,634,251,83,59,3,73,17,3,0,male
498,241,464,136,250,235,439,180,47,586,116,118,145,7,60,15,0,6,female
335,133,316,71,160,187,298,149,38,350,130,85,23,6,51,13,0,0,male
560,283,571,115,531,486,697,313,36,507,240,186,150,6,89,7,0,0,male
212,117,235,56,201,196,387,123,27,273,115,70,40,2,48,2,0,1,male
245,103,212,62,155,129,245,78,12,236,95,56,75,1,42,1,0,0,female
319,214,421,103,356,314,712,255,94,455,280,158,55,6,79,7,0,0,male
285,163,347,85,272,252,565,130,62,409,167,117,114,1,47,2,0,0,female
426,280,427,109,289,236,536,272,27,419,205,113,5,3,93,9,0,1,male
729,304,559,141,301,320,442,279,34,678,198,210,53,8,76,35,0,0,male
269,134,205,60,164,148,289,94,20,238,107,85,55,3,53,6,0,1,male
276,130,319,69,241,207,418,132,45,401,154,74,139,75,61,1,0,0,male
364,155,294,60,205,172,418,138,41,298,157,113,69,2,82,3,0,0,female
461,244,449,108,295,235,497,145,23,510,199,131,151,10,81,12,5,19,male
233,118,235,62,191,165,348,64,22,256,113,74,24,5,49,6,0,0,male
414,227,308,69,210,214,358,155,18,411,174,92,75,9,53,8,0,0,male
481,247,405,86,345,306,672,181,40,468,265,129,80,4,70,8,1,2,female
586,359,513,134,416,400,761,280,118,737,326,189,51,10,133,12,0,2,male
165,123,197,57,125,161,292,62,30,207,74,53,37,3,31,6,0,0,female
407,212,418,80,263,302,468,118,56,583,136,108,86,14,51,18,3,1,male
318,138,264,57,214,171,355,105,21,383,121,81,67,9,35,6,0,0,male
206,100,190,38,152,120,289,105,22,229,93,64,26,5,32,1,0,0,female
586,304,473,122,299,308,621,200,37,715,253,113,154,23,77,20,4,0,male
186,93,206,47,226,173,398,76,33,278,162,82,82,0,45,0,0,0,female
120,74,125,30,120,106,211,70,15,149,53,40,25,5,37,6,0,0,male
192,113,203,30,254,236,418,103,35,217,151,98,42,10,44,4,0,0,male
404,221,338,94,271,267,411,199,58,425,139,102,98,18,69,10,0,2,male
109,50,92,20,53,55,105,55,20,116,33,22,29,0,11,2,0,0,male
145,102,178,52,153,120,276,87,25,189,103,39,70,0,28,1,1,2,female
369,293,372,103,350,349,654,216,23,413,255,140,74,17,128,20,0,0,female
104,53,97,13,73,66,142,62,10,119,66,28,31,1,17,4,0,0,male
306,193,318,80,233,203,424,140,29,291,124,129,81,4,48,5,1,0,male
211,125,186,71,97,126,226,57,9,238,72,46,5,5,42,1,0,0,male
346,224,381,116,339,278,640,126,76,383,152,131,55,0,90,9,1,0,female
593,258,517,135,263,243,427,323,33,842,163,92,143,44,86,104,0,0,male
301,185,296,78,342,328,597,143,71,303,196,119,60,11,83,7,0,0,male
255,121,256,53,168,170,354,100,24,391,111,90,71,7,41,29,0,0,male
437,184,380,69,244,272,480,161,43,481,185,108,75,7,87,17,0,0,male
114,65,100,13,101,106,175,66,20,108,56,38,23,9,23,1,2,0,male
72,36,105,28,146,123,254,54,10,141,80,54,28,3,13,1,0,2,female
588,350,525,143,319,283,529,213,74,527,178,132,70,9,119,9,1,1,female
340,193,289,55,232,208,365,178,17,334,143,90,63,10,68,14,0,0,male
391,200,336,79,257,236,421,188,42,374,148,87,23,6,77,8,0,0,male
219,157,286,57,306,273,587,148,84,338,256,95,104,7,69,1,0,1,male
546,292,444,135,300,251,642,191,64,682,244,117,92,21,63,28,0,5,male
261,127,236,47,145,130,285,74,28,251,74,106,49,11,32,4,0,1,female
419,288,405,107,319,293,585,250,58,411,231,145,40,9,127,22,0,0,female
277,141,297,84,256,159,409,118,8,305,129,79,50,0,99,5,0,0,female
261,122,196,54,144,113,213,100,9,176,80,64,49,1,49,0,0,0,male
505,267,462,79,523,451,772,300,77,618,270,126,163,0,91,16,0,3,male
354,183,324,97,174,152,315,80,29,335,108,64,16,12,84,6,0,0,male
206,102,166,24,147,155,272,84,25,240,50,54,34,8,22,4,0,6,male
576,314,505,89,294,275,567,256,49,580,189,142,66,6,86,17,0,0,male
435,288,415,79,520,551,885,291,67,719,291,182,112,0,113,1,0,5,male
359,223,356,90,279,258,533,138,62,458,239,117,67,2,69,3,1,2,male
181,76,152,34,130,131,250,56,45,205,81,57,16,3,37,3,0,0,male
432,193,408,112,266,261,475,160,55,463,154,129,50,7,82,9,0,2,female
305,174,353,78,269,223,538,183,23,337,204,162,93,95,59,4,0,0,male
386,192,311,59,239,230,439,177,48,400,182,129,45,4,85,2,0,5,male
361,239,305,86,357,298,638,148,74,419,225,149,97,0,80,13,4,1,male
616,246,399,83,260,237,410,179,14,607,133,128,135,0,55,14,0,2,male
222,116,222,41,216,178,327,184,25,244,159,98,59,2,61,4,0,2,male
187,76,163,48,73,69,129,64,19,212,53,49,56,15,30,8,0,0,female
294,238,331,73,313,281,586,133,55,339,201,87,67,0,89,0,0,0,male
325,148,326,73,286,195,461,166,18,387,174,86,38,3,59,8,0,0,male
260,154,294,84,289,206,500,97,33,415,156,108,149,3,64,2,0,0,male
259,197,250,56,219,245,427,165,13,411,174,90,112,4,62,9,3,4,male
158,71,157,42,85,81,203,72,14,179,86,40,32,7,18,7,0,0,female
451,311,451,110,336,343,705,293,58,646,275,125,118,11,104,27,2,0,male
364,248,318,80,327,254,448,226,22,417,175,102,72,9,100,1,0,0,male
370,226,333,78,289,285,444,193,59,421,182,79,63,6,92,6,0,0,male
249,163,252,51,247,182,414,130,31,291,121,128,73,3,35,4,0,1,male
287,218,259,69,248,264,449,241,22,411,229,87,78,0,74,10,1,0,female
461,266,423,104,391,325,558,229,57,553,255,188,167,7,49,24,1,0,male
109,73,124,33,120,119,237,60,36,169,77,39,21,2,27,0,0,15,male
315,208,278,74,217,177,449,140,16,309,184,79,37,12,70,10,0,0,male
612,347,446,137,278,262,490,276,37,598,256,164,91,19,101,26,0,0,male
308,193,268,59,226,213,447,159,54,330,185,81,51,5,60,4,0,3,male
166,112,158,35,103,111,202,78,17,177,68,62,36,2,42,1,0,0,male
318,183,298,60,245,217,490,165,47,374,161,147,62,3,64,8,0,0,female
71,36,72,11,50,42,103,34,17,71,21,22,26,2,14,1,0,0,male
462,192,407,81,282,240,468,186,41,487,119,192,106,31,52,8,0,1,male
280,151,302,69,270,234,439,140,39,314,132,126,96,14,32,4,0,1,male
303,150,340,86,295,265,506,161,7,334,144,117,68,9,65,8,0,0,male
250,144,283,86,189,153,419,165,22,263,157,111,42,3,71,1,0,0,female
323,197,294,77,304,299,504,124,54,314,148,119,77,2,65,2,0,0,male
120,77,123,43,94,91,224,52,6,133,72,50,28,0,26,1,0,0,male
403,192,340,82,267,217,488,150,45,347,174,108,40,14,88,0,0,0,male
492,238,472,101,368,423,572,241,73,525,235,132,91,5,103,19,4,1,male
509,252,447,111,322,282,545,168,32,519,185,125,130,46,111,21,1,0,female
282,204,318,65,315,259,487,98,35,375,188,81,120,3,67,6,0,0,male
358,196,283,59,243,265,459,237,42,498,193,102,29,6,49,22,0,11,male
509,271,495,82,399,392,681,244,92,655,217,109,138,13,67,13,0,0,male
296,123,268,73,147,129,325,97,9,313,150,70,26,18,59,5,0,0,female
423,228,352,60,232,319,544,150,58,467,162,111,56,9,57,12,0,5,male
307,148,273,70,156,157,302,89,13,281,102,62,29,0,60,6,0,0,male
227,124,195,42,196,159,318,74,10,245,101,70,39,3,46,2,0,1,female
722,324,550,119,379,313,570,220,31,625,165,237,34,4,141,7,0,1,female
634,301,564,147,446,409,775,251,77,670,242,158,104,2,108,17,0,0,male
323,205,315,80,260,220,523,192,41,416,205,114,25,1,76,2,1,0,female
277,166,315,70,348,357,564,135,43,391,212,124,148,3,50,8,0,0,female
299,180,232,64,209,173,317,123,20,321,116,117,63,8,41,10,0,3,female
276,156,254,68,138,128,236,120,6,303,91,56,72,1,44,10,0,0,male
468,311,451,91,564,476,927,223,29,459,308,159,24,4,93,4,0,2,male
99,57,101,21,105,60,182,63,5,83,81,61,9,2,11,1,0,0,female
375,243,324,79,291,265,584,182,67,508,216,146,70,3,63,15,0,2,male
572,328,500,133,442,373,608,247,39,494,290,123,200,0,132,1,0,0,male
532,328,447,146,396,355,578,234,56,475,223,162,84,3,131,5,0,1,male
491,295,442,123,324,323,590,263,35,459,220,153,56,3,101,10,0,0,male
167,140,244,46,295,283,439,87,63,318,141,69,222,0,41,2,1,0,male
231,160,202,37,200,172,328,115,27,224,126,75,28,3,27,2,0,0,male
290,168,275,78,208,144,356,185,10,297,133,46,31,2,74,2,0,0,female
117,97,150,57,171,139,225,73,20,180,126,56,137,0,39,0,0,0,male
224,120,201,41,233,166,326,144,28,284,141,77,105,1,48,9,0,0,male
93,57,132,23,133,89,201,38,5,175,61,44,49,0,22,1,0,1,female
462,251,424,91,314,276,547,204,77,479,162,152,90,4,93,30,0,2,male
281,100,260,66,194,160,326,96,25,208,91,66,64,0,73,0,0,2,female
341,188,319,86,270,203,397,146,26,295,173,103,36,1,94,2,0,2,male
177,135,234,63,251,199,454,122,22,230,170,96,115,1,62,2,0,1,female
281,206,311,70,191,211,442,125,12,291,169,74,21,0,66,4,0,0,male
396,209,344,66,246,251,462,131,36,356,167,130,63,10,92,1,0,0,male
397,244,375,116,322,291,562,197,36,356,171,152,30,9,86,1,0,0,male
150,78,155,33,144,132,243,81,12,148,94,44,31,0,28,0,0,0,male
